<application>
  <component name="Registry">
    <entry key="moved.to.new.ui" value="true" source="SYSTEM" />
    <entry key="ide.experimental.ui" value="true" source="SYSTEM" />
    <entry key="editor.caret.width" value="1" source="USER" />
  </component>
  <component name="StatusBar">
    <option name="widgets">
      <map>
        <entry key="CwmWireStatsWidgetFactory" value="false" />
        <entry key="JSONSchemaSelector" value="false" />
        <entry key="LanguageServiceStatusBarWidget" value="false" />
        <entry key="Notifications" value="false" />
        <entry key="ReadOnlyAttribute" value="false" />
      </map>
    </option>
  </component>
</application>