<application>
  <component name="DimensionService">
    <location key="find.popup.0.0.1920.1080" x="724" y="107" />
    <size key="GridCell.Tab.0.left.0.0.1920.1080" width="1920" height="267" />
    <size key="GridCell.Tab.0.center.0.0.1920.1080" width="1920" height="267" />
    <size key="GridCell.Tab.0.right.0.0.1920.1080" width="1920" height="267" />
    <size key="GridCell.Tab.0.bottom.0.0.1920.1080" width="1920" height="267" />
    <size key="find.popup.0.0.1920.1080" width="649" height="792" />
    <size key="GridCell.Tab.1.left.0.0.1920.1080" width="1920" height="267" />
    <size key="GridCell.Tab.1.center.0.0.1920.1080" width="1920" height="267" />
    <size key="GridCell.Tab.1.right.0.0.1920.1080" width="1920" height="267" />
    <size key="GridCell.Tab.1.bottom.0.0.1920.1080" width="1920" height="267" />
  </component>
  <component name="WindowManager">
    <frame x="-8" y="-8" width="1930" height="1050" extendedState="6" />
  </component>
  <component name="WindowStateApplicationService">
    <state x="340" y="144" key="FileChooserDialogImpl" timestamp="1744063302006">
      <screen x="0" y="0" width="1920" height="1040" />
    </state>
    <state x="340" y="144" key="FileChooserDialogImpl/0.0.1920.1040" timestamp="1744063302006" />
    <state width="806" height="95" key="ShowUsagesActions.dimensionServiceKey" timestamp="1744597314039">
      <screen x="0" y="0" width="1920" height="1040" />
    </state>
    <state width="806" height="95" key="ShowUsagesActions.dimensionServiceKey/0.0.1920.1040" timestamp="1744597314039" />
  </component>
</application>